Workbook

Sheet Sheet1
A4: Code | B4: Date | C4: Day | D4: Paper | E4: Timing
A6: M1-26369 | B6: 46020 | C6: Monday | D6: IT LAB | E6: 10:45-12:15
A7: M1-26371 | B7: 46021 | C7: Tuesday | D7: PF LAB | E7: 10:45-12:15
A8: M1-26373 | B8: 46022 | C8: Wednesday | D8: AP LAB | E8: 2:15-3:45
A9: M1-26368 | B9: 46027 | C9: Monday | D9: ICT | E9: 1:30-4:30
A10: M1-26370 | B10: 46028 | C10: Tuesday | D10: PF | E10: 1:30-4:30
A11: M1-26367 | B11: 46032 | C11: Saturday | D11: ENGLISH | E11: 1:30-4:30
A12: M1-26372 | B12: 46034 | C12: Monday | D12: AP | E12: 9:30-12:30
A13: M1-26374 | B13: 46037 | C13: Thursday | D13: CALCULUS | E13: 9:30-12:30

Sheet 29 12 2025
A3: Code | B3: Paper | C3: Day | D3: Date | E3: Timing
A4: M1-26369 | B4: =VLOOKUP(A4,Sheet1!$A$6:$E$13,4,0) -> IT LAB | C4: =VLOOKUP(A4,Sheet1!$A$6:$E$13,3,0) -> Monday | D4: =VLOOKUP(A4,Sheet1!$A$6:$E$13,2,0) -> 46020 | E4: =VLOOKUP(A4,Sheet1!$A$6:$E$13,5,0) -> 10:45-12:15
A5: M1-26373 | B5: =VLOOKUP(A5,Sheet1!$A$6:$E$13,4,0) -> AP LAB | C5: =VLOOKUP(A5,Sheet1!$A$6:$E$13,3,0) -> Wednesday | D5: =VLOOKUP(A5,Sheet1!$A$6:$E$13,2,0) -> 46022 | E5: =VLOOKUP(A5,Sheet1!$A$6:$E$13,5,0) -> 2:15-3:45
A6: M1-26371 | B6: =VLOOKUP(A6,Sheet1!$A$6:$E$13,4,0) -> PF LAB | C6: =VLOOKUP(A6,Sheet1!$A$6:$E$13,3,0) -> Tuesday | D6: =VLOOKUP(A6,Sheet1!$A$6:$E$13,2,0) -> 46021 | E6: =VLOOKUP(A6,Sheet1!$A$6:$E$13,5,0) -> 10:45-12:15
A7: M1-26372 | B7: =VLOOKUP(A7,Sheet1!$A$6:$E$13,4,0) -> AP | C7: =VLOOKUP(A7,Sheet1!$A$6:$E$13,3,0) -> Monday | D7: =VLOOKUP(A7,Sheet1!$A$6:$E$13,2,0) -> 46034 | E7: =VLOOKUP(A7,Sheet1!$A$6:$E$13,5,0) -> 9:30-12:30
A8: M1-26374 | B8: =IF(ISERROR(VLOOKUP(A8,Sheet1!$A$6:$E$13,4,0)),"",(VLOOKUP(A8,Sheet1!$A$6:$E$13,4,0))) -> CALCULUS | C8: =VLOOKUP(A8,Sheet1!$A$6:$E$13,3,0) -> Thursday | D8: =VLOOKUP(A8,Sheet1!$A$6:$E$13,2,0) -> 46037 | E8: =VLOOKUP(A8,Sheet1!$A$6:$E$13,5,0) -> 9:30-12:30
A9: M1-26368 | B9: =VLOOKUP(A9,Sheet1!$A$6:$E$13,4,0) -> ICT | C9: =VLOOKUP(A9,Sheet1!$A$6:$E$13,3,0) -> Monday | D9: =VLOOKUP(A9,Sheet1!$A$6:$E$13,2,0) -> 46027 | E9: =VLOOKUP(A9,Sheet1!$A$6:$E$13,5,0) -> 1:30-4:30
A10: M1-26370 | B10: =VLOOKUP(A10,Sheet1!$A$6:$E$13,4,0) -> PF | C10: =VLOOKUP(A10,Sheet1!$A$6:$E$13,3,0) -> Tuesday | D10: =VLOOKUP(A10,Sheet1!$A$6:$E$13,2,0) -> 46028 | E10: =VLOOKUP(A10,Sheet1!$A$6:$E$13,5,0) -> 1:30-4:30
A11: M1-26369 | B11: =VLOOKUP(A11,Sheet1!$A$6:$E$13,4,0) -> IT LAB | C11: =VLOOKUP(A11,Sheet1!$A$6:$E$13,3,0) -> Monday | D11: =VLOOKUP(A11,Sheet1!$A$6:$E$13,2,0) -> 46020 | E11: =VLOOKUP(A11,Sheet1!$A$6:$E$13,5,0) -> 10:45-12:15
A12: M1-26370 | B12: =VLOOKUP(A12,Sheet1!$A$6:$E$13,4,0) -> PF | C12: =VLOOKUP(A12,Sheet1!$A$6:$E$13,3,0) -> Tuesday | D12: =VLOOKUP(A12,Sheet1!$A$6:$E$13,2,0) -> 46028 | E12: =VLOOKUP(A12,Sheet1!$A$6:$E$13,5,0) -> 1:30-4:30
A13: M1-26372 | B13: =VLOOKUP(A13,Sheet1!$A$6:$E$13,4,0) -> AP | C13: =VLOOKUP(A13,Sheet1!$A$6:$E$13,3,0) -> Monday | D13: =VLOOKUP(A13,Sheet1!$A$6:$E$13,2,0) -> 46034 | E13: =VLOOKUP(A13,Sheet1!$A$6:$E$13,5,0) -> 9:30-12:30
A14: M1-26372 | B14: =VLOOKUP(A14,Sheet1!$A$6:$E$13,4,0) -> AP | C14: =VLOOKUP(A14,Sheet1!$A$6:$E$13,3,0) -> Monday | D14: =VLOOKUP(A14,Sheet1!$A$6:$E$13,2,0) -> 46034 | E14: =VLOOKUP(A14,Sheet1!$A$6:$E$13,5,0) -> 9:30-12:30
B15: =VLOOKUP(A15,Sheet1!$A$6:$E$13,4,0) -> #N/A | C15: =VLOOKUP(A15,Sheet1!$A$6:$E$13,3,0) -> #N/A | D15: =VLOOKUP(A15,Sheet1!$A$6:$E$13,2,0) -> #N/A | E15: =VLOOKUP(A15,Sheet1!$A$6:$E$13,5,0) -> #N/A
B16: =VLOOKUP(A16,Sheet1!$A$6:$E$13,4,0) -> #N/A | C16: =VLOOKUP(A16,Sheet1!$A$6:$E$13,3,0) -> #N/A | D16: =VLOOKUP(A16,Sheet1!$A$6:$E$13,2,0) -> #N/A | E16: =VLOOKUP(A16,Sheet1!$A$6:$E$13,5,0) -> #N/A
B17: =VLOOKUP(A17,Sheet1!$A$6:$E$13,4,0) -> #N/A | C17: =VLOOKUP(A17,Sheet1!$A$6:$E$13,3,0) -> #N/A | D17: =VLOOKUP(A17,Sheet1!$A$6:$E$13,2,0) -> #N/A | E17: =VLOOKUP(A17,Sheet1!$A$6:$E$13,5,0) -> #N/A
B18: =VLOOKUP(A18,Sheet1!$A$6:$E$13,4,0) -> #N/A | C18: =VLOOKUP(A18,Sheet1!$A$6:$E$13,3,0) -> #N/A | D18: =VLOOKUP(A18,Sheet1!$A$6:$E$13,2,0) -> #N/A | E18: =VLOOKUP(A18,Sheet1!$A$6:$E$13,5,0) -> #N/A
B19: =VLOOKUP(A19,Sheet1!$A$6:$E$13,4,0) -> #N/A | C19: =VLOOKUP(A19,Sheet1!$A$6:$E$13,3,0) -> #N/A | D19: =VLOOKUP(A19,Sheet1!$A$6:$E$13,2,0) -> #N/A | E19: =VLOOKUP(A19,Sheet1!$A$6:$E$13,5,0) -> #N/A
